,Unnamed: 0,tar_NE,tar_GAIRCYL,num,file_name,signal_d,min_v,max_v,min_t,max_t,jpeg_path
0,0,1000,0.1,1,0.csv,0.40771002807822837,0.3866931633585861,-0.021016864719642276,3.31,4.29,output/1000_0.1_1.jpeg
1,1,1000,0.15,1,1.csv,0.39096320677679247,-0.24630372932299188,0.1446594774538006,6.89,7.68,output/1000_0.15_1.jpeg
2,2,1000,0.2,2,2.csv,0.38286334065484623,-0.17248756714651864,0.2103757735083276,0.56,1.48,output/1000_0.2_2.jpeg
3,3,1000,0.25,2,3.csv,0.4324934918043406,0.23118165224536089,-0.20131183955897974,4.46,5.15,output/1000_0.25_2.jpeg
4,4,1000,0.3,3,4.csv,0.33452010533254906,-0.16220799816085815,0.17231210717169088,5.19,6.13,output/1000_0.3_3.jpeg
